Nama,Email,No Telepon,Website
Andrew,marieyates@gomez-spencer.info,846-790-4623x4715,http://www.shea.biz/
Alvin,alexandra86@mccoy.com,124-597-8652x05682,http://www.pena-cole.com/
Jenna,justincurtis@pierce.org,(335)987-3085x3780,http://www.booth-reese.biz/
Fernando,adeleon@hubbard.org,(047)752-3122,http://www.hebert.com/
Kara,jesus90@roberson.info,+1-360-693-4419x19272,http://merritt.com/
Marissa,katieallison@leonard.com,001-645-334-5514x0786,http://www.kaufman.org/
Julie,priscilla88@stephens.info,+1-675-243-7422x9177,http://www.sexton-chang.com/
Lauren,colehumphrey@austin-caldwell.com,081.226.1797x647,https://www.kerr.com/
Emily,buckyvonne@church-lutz.com,430-401-5228x35091,http://grimes.com/
Marie,christie44@mckenzie.biz,001-648-790-9244,https://www.salinas.net/
Nichole,blandry@henson-harris.biz,647787401,http://www.humphrey.org/
Bernard,tammiepope@arroyo-baldwin.com,292.313.1902,http://sellers.biz/
Darryl,woodalejandro@skinner-sloan.biz,(389)437-1716,https://www.daniels.com/
Ryan,lmassey@duke.com,001-119-787-0125x4500,http://nunez.com/
Vicki,zgrant@sweeney.com,(217)474-0312,https://reynolds.com/
Sean,lkline@maxwell.info,001-534-283-5153,http://www.vargas.biz/
Sophia,brockmason@faulkner-may.com,001-858-762-7896x916,http://www.vaughn.com/
Helen,carrollmia@donovan-keith.com,(140)862-2659,http://www.kennedy-edwards.biz/
Joann,gabriela86@sampson.com,(941)715-8720x950,http://www.harrell.com/
Thomas,timcoleman@frank-king.org,679.326.0724,http://www.kane.com/
Cristina,charlotte16@hood-zhang.org,4292705811,http://whitehead.net/
Vicki,alan46@benjamin.com,(889)311-5580x6390,https://www.bird.com/
Glenn,anna80@mata.com,834.104.6424x8311,http://brooks-kerr.com/
Darius,garrettdurham@olsen.com,+1-797-864-3151x25142,https://washington.com/
Xavier,andersongrant@pugh.com,019-418-8625x65148,https://www.cohen.info/
Douglas,caleb11@velazquez.com,+1-205-528-2409x137,http://www.mcneil.net/
Phyllis,darrylshort@bright-tucker.com,-5794,https://www.farrell.com/
Ebony,vpowers@moyer.com,772-492-3142,http://www.dorsey.com/
Tyler,mmayo@gilbert.com,001-239-175-8518x52340,http://www.fry.org/
Cesar,damon31@grant-morrison.com,165-366-3660x432,https://bryan-walters.com/
Darrell,hdaniels@mason.com,001-604-858-6371,http://hammond.com/
Amanda,emmarasmussen@roman-walter.biz,218-803-3440x413,http://gillespie.com/
Marcus,cesar71@vang-wagner.com,828.230.1201x748,https://www.williams-mclaughlin.org/
Lauren,hodgebrenda@roach-winters.com,001-999-585-7539x536,https://www.garcia.com/
Brent,greg77@patel.biz,210.072.7539x0111,http://aguirre.biz/
Jill,brandypowers@christensen.com,+1-160-747-3624x8230,http://briggs-johnston.com/
Herbert,gilloscar@webb.com,(969)981-1275x78285,https://www.rowland-lyons.com/
Don,trevor14@harvey.com,377-366-1889x912,http://www.combs.com/
Cheryl,yvette30@haas-oneill.org,9016149714,http://www.tran-juarez.net/
Rickey,cmcdowell@riley-wolf.org,042-976-4714x26341,http://www.nolan.com/
Cassidy,patrick43@stout.com,001-433-237-3081x336,https://www.meyer.com/
Christina,phenry@tate.biz,(964)671-6776,https://warner.com/
Alexandra,swalters@harvey.biz,+1-469-312-3108x01224,http://www.vasquez-boyer.biz/
Krystal,mjackson@david.com,001-116-661-7356,http://www.marks-ray.info/
Ivan,qgeorge@singh.com,524-391-9866,https://melton-alexander.biz/
Stephanie,debbie56@baker-olsen.com,+1-934-296-1820x843,http://jimenez.biz/
Levi,robertmarks@willis.com,-7799,https://cherry.com/
Peter,frederick02@gross.com,983.760.9410x39862,http://www.chandler.info/
Valerie,yowens@erickson-charles.com,001-494-498-9432x8701,https://www.fowler-alvarado.biz/
Tom,darin81@callahan.com,(318)356-6855x56588,http://yang-everett.com/
Randall,stuart07@reid.com,(780)249-8976,https://hatfield-huff.biz/
Perry,jennynorton@randall.org,4490502967,http://www.hall.com/
Gloria,escobardeanna@sawyer-obrien.info,296-297-8174x50153,https://www.huber.info/
Cameron,stephen57@sellers.com,+1-172-227-4743x55703,https://collins.org/
Glen,jschmidt@gardner-maldonado.com,494-494-0595,http://holt-mendez.info/
Melvin,sheila46@ewing.org,001-139-178-3697x23267,http://becker-warner.net/
Kent,dustindelgado@west-khan.com,(750)661-7527x2590,https://www.mora-tapia.info/
Stacey,mikayla38@lawson-dougherty.com,001-070-431-1693x963,https://newman-townsend.com/
Jennifer,stoutalexandria@meza.com,(534)969-8263,http://marsh.com/
Teresa,hhahn@cantrell.net,104.566.7360x8307,https://www.ellison-strickland.org/
Bruce,gvang@woods.info,170-094-5436x7579,http://www.goodwin.com/
Sarah,lauren93@daniel-farley.com,423.393.5217x1573,http://www.welch.com/
Eddie,franklinweiss@porter.net,8092572517,https://www.joyce.com/
Trevor,simpsonraven@liu.com,938.501.2065x13955,http://noble-beard.com/
Marcus,deborah61@wagner.com,479-020-6144x2452,http://shaw.com/
Sabrina,brittneypotter@boyd-compton.com,252-641-5581x7135,https://walter.com/
Norman,spearsfrank@mclean.com,364-757-7628x522,https://mccullough.info/
Lonnie,manuel48@raymond.net,810-349-3016,http://www.knight.com/
Casey,marilynbender@daugherty.net,001-649-360-4291x70493,https://crawford.org/
David,ylutz@sawyer.com,(976)996-6527x679,https://rhodes-ellison.org/
Garrett,christiegeorge@dominguez.com,554-299-5195x7535,https://www.wright.com/
Colin,wilsonyvonne@mcmillan.com,115-772-1697,https://choi.com/
Maxwell,priscillaharrell@glass.com,542-094-1063x74771,http://ray.com/
Diamond,gibbsemily@fisher.biz,713.178.8679x870,https://mcdowell-compton.biz/
Kellie,lynnbooth@leach-lang.com,597.376.0777x7873,http://www.mclaughlin.com/
Sandy,hmora@brock.com,492.301.8374,https://www.estrada.biz/
Katelyn,santosebony@foley.com,888.775.5334x190,http://carr-holder.com/
Neil,englishstefanie@braun.com,915-049-4725x373,http://ritter.com/
Carlos,toddlove@rogers.info,(439)435-7502x11237,https://little.info/
Adrienne,butlerroberta@mullen-pittman.net,012-588-1523x479,http://www.mann.com/
Traci,camposherbert@lang.com,+1-847-237-3203x0302,http://www.burke-glover.com/
Tammy,abigail05@mckee.info,+1-528-220-2228x19583,https://www.walsh-archer.com/
Nicholas,boonealex@cardenas.info,+1-650-979-8614x97335,http://www.wood.com/
Sydney,ortegashane@li.com,591-223-5142x5192,https://anderson-suarez.org/
Jody,fritzandres@morales.biz,+1-836-853-8086x15445,https://www.martin.biz/
Autumn,varmstrong@braun.org,374-961-9091x6048,http://www.fritz-galloway.com/
Chelsey,jonathon78@werner.com,001-290-975-0712x603,https://www.willis-todd.net/
Trevor,bunderwood@owen.com,813.263.6136,http://webb-barnes.info/
Bridget,jcochran@burgess-costa.com,001-062-757-0468x5881,https://grimes.net/
Calvin,riveraisabel@harmon.net,069.698.1319,https://salinas-peck.com/
Austin,stanleymeagan@gilmore-newton.com,+1-598-879-1279x72499,https://hubbard.com/
Molly,kathyhuff@white-liu.com,(928)843-3496x36630,http://cooley.com/
Jeremy,lawsonmicheal@atkins.com,748.955.1267x247,http://www.gibbs.com/
Don,diamondhinton@mccormick.biz,001-004-280-4158x3147,https://arnold.com/
Dakota,branchmegan@dougherty.com,-8399,https://deleon-avery.com/
Manuel,xingram@le.com,708-648-2498x1037,https://richards-jarvis.com/
Howard,ronnie03@bird-hood.com,001-259-817-5012,https://cordova.com/
Jeffery,wanda50@webster.com,(318)952-4565x2143,http://www.dickerson.com/
Colleen,tricia22@barrera.com,(198)286-0649x642,http://www.richmond.com/
Bianca,alan83@olson.com,+1-942-219-2911x3796,http://www.wilcox-burns.biz/
Michelle,yeseniacallahan@hinton.com,215-567-4480,http://chavez-clay.com/
Eileen,julian74@ritter-mccoy.info,(310)574-8489,https://mays.com/
Kyle,adriennecarson@gallagher-mckinney.org,001-053-565-5203,http://mcclure.com/
Omar,hreid@jordan-pena.com,+1-317-955-2741x5895,http://www.best.biz/
Chelsea,sharon31@stanley.info,966.233.2095,https://griffin-willis.com/
Pam,luisreynolds@caldwell.com,679.659.0893,http://rich.info/
Sandy,carlaburton@tran-wu.info,(159)790-8136x82786,http://www.schaefer.org/
Madison,ikeith@richards.com,999.090.5244,http://www.mack.info/
Leah,felicia85@joseph.com,(589)134-7453,http://terrell.net/
Julie,jose39@huber.com,471.196.3570x531,http://whitehead.biz/
Darrell,boyerjoy@gross-meadows.info,(962)163-3676,http://www.sherman.com/
Andrew,meghanharmon@travis.biz,+1-964-968-7131x9267,http://olson-collier.com/
Jaime,mrowe@forbes-holmes.org,954-342-0875x322,http://randolph-stewart.info/
Logan,rebecca89@marquez.net,5052283490,http://www.giles.com/
Pedro,hunterjenkins@cervantes.com,(042)683-5953x29908,https://bernard.com/
Daryl,conneraaron@bryant.net,503.279.5076,https://www.price-lyons.info/
Haley,hamiltongreg@perkins.com,(617)212-2099x60992,https://www.salinas-roth.biz/
Caitlyn,ebush@jimenez.com,001-381-080-7260x28757,https://www.blair.com/
Keith,tommy24@wong-ray.com,49143402,http://hernandez.com/
Hayden,kristinebaldwin@holloway-sharp.com,(400)401-0972,http://www.maynard.biz/
Jeanette,daviesmatthew@turner.com,858-428-6796,http://www.santiago.com/
Brandon,fmcgee@foster.com,001-804-161-7001x727,http://barron-terry.com/
Latasha,wcarter@ali.info,7853943598,http://www.atkinson.net/
Shaun,mshaw@cantu-le.net,(092)989-4066,http://www.pennington.com/
Allen,danielsalinas@deleon.com,-8106,https://garner.com/
Yvonne,mercedes83@gill.org,-4651,https://www.cohen-king.org/
Joanne,fernandoshaw@goodwin.org,+1-497-913-5358x2593,http://www.wolf.com/
Jaclyn,tamara04@tate.biz,598-049-3970x0517,https://diaz.com/
Glen,don46@freeman.net,7639303423,https://www.nichols.info/
Stacey,ygarcia@andrade.com,835-675-9702x438,http://schaefer.com/
Courtney,gary98@carpenter-nelson.com,+1-007-062-3951x97089,https://www.knight.net/
Raven,fashley@burns-mckenzie.com,205080357,https://www.rodgers.net/
Kyle,ywise@winters.net,(869)952-6857x0872,http://www.cook.biz/
Sherry,vjacobson@perkins-dunlap.net,8636203771,https://dillon.info/
Kirk,parkroy@baxter.com,-5155,https://www.barrett.com/
Luke,masonshelley@freeman.org,073.353.6987,http://hanna.com/
Lynn,marisa90@huynh.com,(303)230-0292x145,http://whitaker.biz/
Brian,stephensmike@bartlett-wade.com,701-648-3266x75530,https://esparza.com/
Christopher,debbieramos@davies-washington.biz,+1-312-445-7245x1043,http://www.vega.com/
Dominique,felicia57@fletcher.com,(641)697-2728x62920,http://bradford.com/
Dwayne,logan04@hines.biz,-1436,http://www.harmon.biz/
Autumn,jeffreyharding@johnson.com,+1-472-150-7033x46672,http://mcdowell-henry.com/
Gregory,tina43@hayes-johnson.com,001-972-367-2764x18756,http://summers-chang.com/
Isaac,paulakane@singh.com,1784697219,https://ochoa-chapman.org/
Bradley,underwoodangel@gallagher.info,+1-835-456-3881x7677,https://www.summers.org/
Paige,aodonnell@prince.com,(724)536-3717,https://suarez-sims.org/
Gwendolyn,eugene43@mccall.com,358.010.6852,http://ramirez.com/
Belinda,billspears@harmon.org,307.998.0543,https://huff.com/
Ivan,tflowers@salinas.org,+1-576-099-0011x49994,https://frazier.com/
Brett,stokespamela@koch.com,(281)503-5416x65312,http://serrano.com/
Katherine,jorozco@hinton-klein.org,219-925-5503,https://www.key-zamora.com/
Andre,mayerlynn@haas-santos.org,568-903-9918x1217,https://huynh.com/
Laura,vstuart@fowler-novak.com,(075)972-9288x584,http://www.peterson-hughes.net/
Tommy,spencejennifer@bowman-pena.com,+1-286-978-0607x36120,http://harvey.com/
Amber,betty81@shields.org,+1-766-519-2349x13712,https://ali.net/
Shelia,cynthia09@vang.com,(869)648-1559,http://arellano.com/
Russell,cody74@cochran-keith.com,001-170-348-6034x1281,http://hurst.net/
Yvette,neil44@barron.com,2167878307,https://navarro.com/
Don,rwallace@shepherd-mcdowell.com,426-986-3364,https://www.ellison.com/
Ellen,carla57@roberts.com,001-588-362-9168x37122,http://padilla.net/
Hayley,fchung@montes.com,(730)188-5971x5577,http://walton.com/
Ellen,vnoble@mooney.org,-8149,https://www.vega.com/
Martha,collinsalejandro@arroyo.com,+1-747-915-7766x306,http://rangel-blake.org/
Douglas,ethanle@gibson.com,649610158,http://wong-strickland.com/
Toni,kyleramos@lee.com,379.527.7815x890,https://www.glover.com/
Robyn,amatthews@owens.com,835.175.6247x754,http://www.brewer.com/
Calvin,kathleenbrewer@sweeney.com,(705)989-7127x1441,https://www.ward.com/
Angel,masonadriana@price.com,001-879-705-2671x02795,https://yang-roach.com/
Bradley,khendrix@powers-levine.biz,+1-254-995-3856x158,https://whitaker.com/
Donald,srodriguez@hester.info,(211)448-9417x2645,http://www.grant-campos.net/
Jeremiah,mosskevin@perkins.com,(358)794-8196,http://montes.com/
Perry,geoffrey16@gentry.com,(679)276-1120x3465,https://www.webster.com/
Brent,bettymckinney@houston.com,(417)163-0671,http://edwards-nguyen.net/
Ariana,makayla22@carey-james.com,141.688.4785x1394,https://www.orozco-santiago.com/
Don,jarvislarry@lang.info,7475416093,https://www.mahoney.org/
Bradley,masseyriley@blanchard.com,+1-889-692-5299x5156,https://welch.com/
Henry,qrusso@le.com,091-289-4465x0219,https://www.hansen.info/
Norman,meganwilkinson@bird-anderson.com,290-731-6829x57399,http://www.schultz-zamora.com/
Breanna,claytoncastillo@schroeder.org,+1-240-821-6677x7792,https://larson.com/
Seth,xcoleman@farrell-bernard.com,423-915-1795,http://www.bradford-rivas.com/
Lydia,lauramorris@anthony-bullock.com,4012641567,http://hahn.com/
Sherri,mossangela@farmer.com,453-417-0534x1278,https://www.may.com/
Alejandra,andre80@dodson.net,(443)140-6541,http://wilcox-liu.com/
Raymond,adam45@tanner.com,(681)600-1670x08508,http://www.collier.net/
Patricia,pfleming@french.com,(249)381-9632,https://www.underwood.com/
Hector,bowersjessica@arellano-hart.com,+1-283-807-3191x14650,https://massey.info/
Pedro,barronsergio@valencia-proctor.com,(873)766-6452,https://www.barajas.com/
Marco,holmesdwayne@sheppard.biz,5644222600,https://alvarado.info/
Shannon,laura10@romero.com,-5406,https://www.lang-ellison.org/
Brian,dcombs@mcneil.org,835-200-1345,http://www.rangel.com/
Dillon,cody25@watkins.com,+1-075-986-4034x964,http://bullock.com/
Joyce,joannarusso@nelson.com,682-343-3164x5621,https://www.chapman-short.biz/
Angelica,mark43@stevenson-garcia.com,(760)747-3821,https://whitehead-payne.com/
Marcia,mcdowelljenna@beck-lewis.com,(993)224-4282x8920,http://arnold-morse.com/
Sydney,carlosstewart@deleon-griffith.com,(695)288-8162,https://hurley-blankenship.net/
Jay,fvillarreal@brewer-pena.com,001-439-491-2180,https://www.carlson.com/
Angela,arthurpetersen@bolton.info,+1-196-821-6270x5206,http://perry.net/
Bethany,rhonda48@castro.info,001-411-057-3486,http://www.cortez.com/
Cindy,maryforbes@oliver-mills.com,+1-860-035-9154x21075,http://www.holmes-wolfe.info/
Christine,aguirrenatalie@randolph-moore.com,-2357,https://www.nolan.com/
Tyrone,javierbarron@mcclure.com,390-305-6359x25631,http://www.collins.com/
Roy,fmoore@vega.com,(831)296-1569,http://www.livingston-stanton.net/
Matthew,summer05@harrison-bowen.info,011-996-6415x73778,http://www.swanson.com/
Taylor,ihuerta@lutz.info,+1-302-263-0760x673,http://medina-williamson.com/
Hannah,gouldruth@novak-dunlap.com,403-463-5810x69144,http://www.cunningham.com/
Randy,pcampos@lloyd-leblanc.info,708.846.5418x222,https://www.henry.com/
Adrienne,lindsay75@levy-valentine.com,952-008-0777x0963,http://www.wiggins-cuevas.net/
Raven,hutchinsonmartin@shelton-burnett.com,232.534.0126x732,http://duncan.com/
Isaac,schmittstephen@elliott.biz,905.799.2959x3989,https://www.burgess.biz/
Kelly,alexandranguyen@carr-gray.net,(901)932-4326x7097,https://www.orr-meyers.com/
Chelsey,katrinarasmussen@craig.com,(361)743-6143x6781,http://www.jimenez.com/
Rick,josephflynn@rivers.com,6204440182,http://foley-porter.biz/
Tricia,gabriela43@wilson-stanton.biz,417-617-5699x985,http://www.pham-burton.com/
Rebecca,brownvalerie@wade.net,984.692.4496x1810,https://chapman.com/
Dan,martin28@gibbs-whitney.biz,+1-282-514-9380x3559,http://shea-proctor.org/
Sabrina,omiles@mcdowell.com,+1-555-941-7595x36428,http://koch.org/
Victoria,melanie66@townsend.com,012.856.3350,https://fields.org/
Jorge,cbates@walker.com,658.303.1832x4024,https://hartman-hayes.com/
Jodi,ashley25@lutz-arellano.biz,(953)746-6609,https://estrada.org/
Sara,erikdalton@hines.org,410.944.5826,https://wilkins-riggs.com/
Cynthia,sellersmarvin@henry.com,184-557-2207,https://braun.com/
Jordan,davidchoi@kim.net,-5281,https://case-hester.biz/
Maurice,zturner@jimenez-wells.biz,784.610.6779x71551,https://duke-church.biz/
Catherine,bdelgado@henry.com,6990218746,https://www.peters-goodwin.com/
Sean,uwarner@meza-carrillo.com,035.655.0185,https://www.dougherty.com/
Lacey,glenncook@king-garner.com,873-589-5122,https://flynn-frederick.biz/
Katelyn,ndougherty@bentley-lutz.com,444.131.5864,http://www.montes.org/
Christine,jmorrow@campbell.info,+1-864-462-7997x15262,http://www.faulkner-nelson.com/
Adam,pcuevas@hancock.org,937.480.3643x98361,http://osborn.com/
Hayley,ameza@cobb-poole.com,460-054-8907x237,http://cantrell.biz/
Vernon,tzimmerman@moore.com,367.187.0987x3041,http://holt.org/
Fernando,kelly08@miller.net,217.548.7104x408,https://www.west.com/
Walter,pboyer@lambert.com,001-810-483-0432x6641,http://robinson.info/
Brady,yhaley@beasley-boyle.com,(251)597-3770,http://pace-cowan.com/
Loretta,poncejackie@mooney-allison.com,279.450.0168,http://silva-shah.com/
Hannah,reyespaula@velazquez-gillespie.com,890.966.8503,http://ramsey.info/
Jocelyn,velazquezchloe@fitzpatrick-byrd.com,001-368-217-6779,http://www.koch-parks.com/
Benjamin,kari54@short.com,(195)906-4903x87261,http://www.li-berry.com/
Caroline,amckenzie@leonard-newman.com,+1-917-288-8837x28207,https://alvarado.com/
Cameron,marie76@molina.org,817.417.7386,http://carson.com/
Wyatt,ckrueger@cervantes.com,+1-837-864-8967x79624,https://barnes.com/
Kendra,tracey11@carney.com,5445638365,http://www.ayala.com/
Tom,terriblack@huffman-burnett.com,001-261-351-1172x386,https://gordon-chen.com/
Adrian,ballfernando@miranda.com,049.485.9910x79759,http://www.fleming.org/
Beverly,valentinecarmen@michael.com,(084)862-1420x01125,https://www.mays-blevins.info/
Priscilla,jessehernandez@holder.org,(914)412-7148,https://cantrell.net/
Roberto,christiangriffith@newman.com,6704403702,http://ferguson.net/
Victor,tannerbrandi@duarte.biz,001-446-612-7595x848,http://suarez.com/
Alisha,bernard01@hammond-delacruz.net,001-208-419-2907x81591,https://www.hale.com/
Stefanie,bonnievilla@briggs.com,841-648-5616x43918,https://www.nicholson-zavala.org/
Jackson,fullercarly@wells.biz,(748)596-0289x119,http://www.hunter.com/
Miranda,sgarza@thompson.com,(592)775-2595x3361,https://www.holder.com/
Gilbert,sfields@sexton-archer.com,-7502,http://nelson.com/
Jon,hmelendez@jenkins-ingram.org,001-464-405-4973x992,https://www.garza.com/
Julia,ericafrederick@beasley.org,001-230-360-3830x50623,http://rush.com/
Aaron,kathryn22@patel-gross.com,508-464-4330x29848,http://www.burns-kane.com/
Rachael,romerotricia@chung.org,(070)216-7245x1049,http://yang.info/
Lucas,masseykathryn@sawyer.com,(604)145-2223,https://www.morton-monroe.com/
Kristopher,eperry@yates.com,001-610-597-9134x568,https://www.warner.info/
Alexandria,coffeymichele@hawkins-morrison.org,7449647777,http://www.collins.biz/
Natasha,kelliewaters@fox.com,051.545.2869x0567,http://alvarado.biz/
Jose,brooke89@carson.biz,(729)033-4995x139,http://www.wilson.com/
Cassidy,omcfarland@lin-atkinson.biz,(974)729-3737x75245,http://lutz.biz/
Debbie,vsingleton@huynh.info,793-415-0643,http://fleming.com/
Felicia,stevensonbeverly@huerta.com,903-009-4355x088,http://case.info/
Hayley,janice91@stanley.com,3911087747,http://www.ortiz-mcmillan.com/
Melinda,burchlee@atkins.info,318.938.2450,http://www.hendrix.net/
Jeremy,udurham@singleton-lewis.com,561-320-1675,https://compton.com/
James,jacksondana@baird.com,9506037850,https://haley-stevens.biz/
Karen,poneill@cameron.com,334.155.1758,https://lozano.org/
Ivan,seanhiggins@whitney.biz,(636)876-3288x0194,http://www.valentine.info/
Jesus,aaronmorse@shepard.org,(804)948-3991,https://www.morrison-randall.info/
Michelle,hthompson@fritz-sparks.com,-7341,https://www.carter.info/
Paul,smckay@escobar.com,350.821.3681x1897,http://robertson-gray.com/
Eileen,ddean@gray.com,+1-806-617-3289x348,https://carlson-murillo.org/
Christian,brett70@juarez-christian.com,353-105-1827,https://www.turner.org/
Don,zcopeland@arias.com,004.354.0200,http://www.eaton-mitchell.com/
Dominique,traceyreynolds@wilson.com,+1-411-245-5810x615,https://stuart-marsh.com/
Wayne,sheila72@pollard.biz,284-504-0100x286,http://knox-owens.info/
Chloe,suarezbarbara@cross-baird.info,321-310-2883x01104,http://www.christensen.com/
Carolyn,huntercathy@henry.com,784-550-5247,http://meyers.info/
Isaiah,haaszachary@holmes.com,+1-562-432-0738x76444,https://www.lynn.com/
Gina,claudia60@farrell-rivas.net,001-566-919-6015x9612,http://www.daniels.com/
Stefanie,franciscogomez@klein.com,+1-408-095-4895x59444,http://www.ibarra.com/
Cole,sdunn@newton.com,001-176-747-6010x15230,http://www.curtis.com/
Suzanne,melinda13@andrade-acosta.com,(443)037-4233,https://www.carney-rangel.com/
Gabriel,qballard@fitzpatrick.com,070-206-5236,https://www.whitehead.net/
Jeanne,holderloretta@phillips-hays.com,8338739166,http://hughes.org/
Lindsay,marquezhaley@oliver-figueroa.info,206-154-7202x49857,http://ramirez-harding.com/
Ronald,danielle48@pollard.com,(948)291-7764x934,http://www.sims-barber.info/
Marco,maureen60@chapman-duran.com,+1-972-145-5541x55966,https://hancock.org/
Isabel,epatel@ochoa-hoffman.com,707-024-9199x09135,https://www.clark.org/
Nichole,jpacheco@lynn.org,001-613-414-2877x508,https://www.krause.info/
Joann,earlhawkins@fernandez.com,3941592865,http://www.peck-parker.biz/
Francis,kristidaugherty@burch.info,163.945.6110,https://www.owens-leblanc.com/
Stuart,michelleodom@mcconnell.com,+1-319-809-8625x94284,http://www.pollard.com/
Tricia,alimelissa@montes-poole.com,(572)435-5301x75929,http://www.fitzgerald.net/
Roger,joanne05@barron-perkins.org,+1-827-892-2663x7295,http://www.stevens-clarke.biz/
Tanner,sheri28@pollard-drake.org,031.753.3794x79094,http://www.garcia-hernandez.com/
Ellen,whughes@daniel.com,429.177.2038x11588,https://www.carlson-ochoa.com/
Latasha,colleen53@taylor.com,(377)266-4518x939,https://www.soto.com/
Jenna,frenchcaroline@chavez.com,017-562-4594,http://melendez.com/
Francis,robinlove@mckinney.com,617.578.1012x84207,https://www.henson-arellano.net/
Jade,afitzpatrick@bartlett.org,030.312.9861x02244,https://www.schneider.info/
Zachary,willie12@norris-pennington.com,+1-844-254-1041x6556,https://yoder.com/
Karen,vfletcher@pineda.com,436.654.3584,https://www.willis-hendrix.biz/
Joshua,msellers@fisher.net,001-755-615-1410x02770,http://stone.com/
Kiara,norma73@martin.com,(066)660-7132,https://www.humphrey-floyd.info/
Doris,pjones@prince-blackburn.com,268.520.3987x57283,https://freeman.org/
Helen,jmay@osborn.com,6693060061,http://www.gilmore-henson.com/
Ariel,gcarter@rollins.net,+1-458-511-1407x3782,http://mcdaniel.com/
Heidi,tkelley@richardson.com,001-391-845-0719x17915,https://day.biz/
Guy,kleinmarilyn@frost-baird.biz,469-249-3295x40023,https://www.fuentes.net/
Meghan,xcannon@leblanc-hays.com,397.979.4605,http://sloan.com/
Jodi,wsmall@jennings.com,+1-121-247-8279x217,https://www.espinoza-gilmore.biz/
Heather,jesse32@ingram-paul.com,754.484.8271x55016,https://hall.net/
Gail,alvinbeck@petersen.net,685-527-3077x323,https://www.peters.com/
Tammy,crystal44@holder-berger.com,780-890-7757,http://kennedy.org/
Olivia,claytonday@drake.com,210-873-3470x71370,https://www.mcdonald-ho.org/
Michele,isaachawkins@brock.net,367-436-0262,http://stout.com/
Matthew,kendramyers@moses.biz,+1-782-984-2667x648,http://wolf.org/
Jenna,xzamora@rogers.net,5125333850,http://www.cantrell.com/
Kristina,bonnie63@potter-combs.com,414.387.9962x8086,http://jensen.com/
Shirley,nicholasvaldez@wall.com,135.578.2855,http://www.miles-chapman.com/
Allison,ypage@pittman.com,001-997-472-7037x9094,http://mcgee.com/
Frances,manuelfoster@carr-nunez.com,4349593569,http://www.atkins.biz/
Bailey,jillian22@wyatt-olsen.net,(174)118-8288x93680,http://melton.info/
Jeanne,murillobrittney@johnston-brady.com,452.640.7715x489,https://www.ho.net/
Jermaine,barry83@beltran-tyler.biz,001-531-138-1723x53933,https://www.mcclain.biz/
Jeremy,bethmerritt@maynard.com,(420)591-5533x6400,https://www.mcneil-valdez.com/
Tracey,lesterguy@figueroa-molina.com,503.865.4828x2502,http://davenport-vincent.org/
Leslie,destiny13@cline.com,4032262988,http://www.mcgrath.com/
Peter,traciliu@forbes.com,+1-092-294-1882x3430,https://nielsen.com/
Ian,uvaughn@gardner.com,4563136767,http://www.montoya-monroe.org/
Crystal,usutton@harmon-davenport.info,-9445,http://www.mcknight.net/
Lydia,obarr@padilla-moore.info,001-269-007-2736x370,http://parker.org/
Douglas,keithwilkins@adams.com,378-107-5527x76570,http://zhang.com/
Tonya,dianemonroe@gibbs.com,001-345-268-6479,http://beasley.com/
Caleb,whitneymason@dunn.com,(276)729-7190,https://www.donaldson.biz/
Tristan,cassie84@fletcher.com,+1-681-051-2503x163,https://www.flowers.com/
Tami,lwolfe@chavez-morse.biz,+1-910-231-0320x38991,http://www.goodwin.com/
Leslie,susan82@prince.net,(635)622-5865x7344,https://buckley.net/
Luke,crandall@levine.com,001-674-232-7886x47134,http://hudson.biz/
Gina,carolinehunt@rowe-olson.com,202314255,http://www.salinas-savage.com/
Darius,smcintyre@jordan.com,001-223-637-5084x4810,https://www.kerr.com/
Hailey,regina66@ochoa.com,165.250.3587,https://www.mccarty.com/
Larry,russell17@chavez-schwartz.com,001-942-998-6981x065,http://arnold.biz/
Krystal,hudsonjoan@mora.net,919.201.3417x93879,http://howe.com/
Tabitha,michealwhite@krause.com,475-797-1986x29372,https://www.austin.info/
Roberta,ekoch@myers.com,907-131-1623,http://pearson.com/
Reginald,robertsonnatasha@peterson.info,+1-101-028-2024x849,http://norman-branch.com/
Jesus,frencheddie@contreras.org,738-112-1611x7396,https://mccoy-harrington.info/
Roberto,gnovak@haley.com,(565)392-5117,http://www.mckee.com/
Jillian,lorettamoreno@kerr.net,(020)498-7132,https://www.monroe.biz/
Alan,mccannmallory@parsons.com,(196)648-9540x823,http://chan.info/
Kristy,jacob13@mccann.com,535-584-5025x4903,http://www.glass-mason.com/
Henry,benitezgina@downs-holden.com,615.668.7783x293,http://gallegos.net/
Diana,crystal25@spence.com,350.631.7181x282,https://www.sosa.com/
Sara,mcconnellglenn@gay-boyer.org,162-920-2655x570,https://www.warner.info/
Jade,jaime61@wilson.com,001-970-532-4212x5122,https://gonzales.com/
Carmen,tsummers@dixon-vega.com,935.205.4625x707,http://www.singh-nixon.com/
Wanda,wnash@sims.net,(750)689-1255x585,https://schultz.com/
Valerie,jeanette40@banks.com,-2429,https://cummings-duran.com/
Chloe,smitchell@harmon.com,001-430-382-5394,https://oconnor-shaffer.com/
Virginia,dawn64@brock.com,139-882-2263x6505,http://www.valenzuela-maldonado.info/
Erin,bholloway@curtis-blevins.com,858-589-6684x49913,https://www.parker-parsons.org/
Cassidy,dwaynespence@kramer.com,894.022.6936,http://benitez-lam.org/
Sally,rose26@navarro.biz,265.484.0824,https://ashley-mcintyre.com/
Jessica,kayleehenderson@tapia.com,398.368.3018,http://www.vang.com/
Kelly,billmata@hatfield.com,070-023-3022x79970,http://hanna.net/
Derek,grahamevan@wright.com,-7700,http://hooper.biz/
Shirley,flemingcindy@dominguez.net,246.810.3195x229,https://www.leon-donovan.net/
Cody,fischerselena@novak-fitzgerald.biz,079.652.7124,http://berg-hardin.com/
Erin,dixonmelissa@brooks.com,188-227-7401,http://bentley.com/
Nicole,hrobinson@estrada.com,030-173-3258,http://pace.com/
Sharon,cristian24@hebert.net,-7782,http://www.oconnor-riggs.com/
Monica,terrance86@orozco.net,1607534127,http://www.cervantes.com/
April,taylor78@roberson-cline.com,+1-892-353-6504x1617,http://www.lang.net/
Johnny,moyeralejandra@ball.com,587-480-9020,https://www.mueller.com/
Brandi,karadrake@harris.com,820.292.2415x55128,http://perez.com/
Max,shawriley@rasmussen.com,001-928-549-3512x57008,http://woodard-dawson.com/
Christian,moralesleslie@scott.com,6085361723,https://stevens-crane.com/
Tyrone,wdyer@mayo.net,981-381-0758x5982,http://www.francis.biz/
Victor,savannahglenn@ward.com,355-823-7028x2739,https://bright.net/
Logan,cummingsjo@shea.info,327.237.4377,https://barrett.com/
Alexis,lcox@hensley.biz,001-258-458-3009x78532,https://ray-summers.com/
Diane,ballmartha@salazar-escobar.com,001-490-533-3600,http://www.armstrong.net/
Dylan,allisonstanton@mcpherson.net,001-650-705-7867x2798,http://moyer.org/
Craig,chungneil@flowers.info,663-484-2848x3853,https://www.mcclure-maxwell.com/
Jill,teresa89@wallace.com,001-939-909-2782x7296,https://www.harvey.com/
Timothy,sean10@fletcher.com,001-963-502-7652x654,https://arias.org/
Jaime,ssutton@schroeder.info,363-220-7368x6517,https://www.rogers.com/
Alejandro,orobbins@bradford.com,481-377-5274x93190,https://ward.org/
Gregg,bernard04@evans-cooley.net,436.480.4182,https://leon.com/
Deanna,courtney52@farley.org,006-352-7818,http://boone-guzman.com/
Mariah,rangelbrad@oconnor.org,001-102-790-2116x365,http://www.mitchell.com/
Valerie,jennifershannon@lane.net,(430)970-8216x0109,https://pugh.com/
Jonathan,chubbard@haney.com,(483)724-6953,http://www.travis-vaughan.com/
Samuel,xholden@walsh.com,301.235.8441x37411,http://www.david-rollins.com/
Riley,pattonsydney@graham.com,001-500-057-5041x46881,https://tapia-erickson.com/
Jermaine,atkinsonheather@sutton.com,+1-219-345-0818x074,https://pennington-carney.com/
Holly,tinakerr@aguilar.info,+1-840-650-0263x98690,http://www.stein.com/
Haley,snyderfred@santiago.info,(840)558-2581x5754,https://marshall.org/
Lindsay,xgordon@king-terry.com,2582927721,http://mccarthy.org/
Adriana,makaylalove@foley-rodriguez.net,9302632754,http://www.duke.com/
Bethany,caleb30@mccann.com,001-008-242-5333x78184,https://kelley.biz/
Gabriel,rellis@blankenship.com,(886)349-6273,https://stafford.com/
Jimmy,allenwalter@escobar.biz,288.812.1579x011,https://hardin-elliott.com/
Craig,donnasandoval@sellers.com,801-840-8731x59596,http://ruiz.biz/
Colin,manningsuzanne@osborn.net,268-341-0043,http://www.page.com/
Edgar,rbradley@buchanan-rogers.com,+1-178-548-2749x097,http://www.moore.com/
Carolyn,ihawkins@tanner.com,838.597.5076,https://www.mcmillan.com/
Tonya,singhfrank@castillo-horne.org,+1-844-243-2253x59574,http://www.boyd.com/
Marc,michaelcandice@booker-hall.com,+1-282-750-6217x95672,http://dawson-tapia.com/
Dakota,goodmanhayden@marquez-fritz.biz,200.531.2955x94238,http://www.simpson.com/
Hector,ofriedman@gonzalez.com,2280590908,http://bender-terrell.com/
Morgan,alec48@copeland.com,(682)051-4671x2714,http://www.fernandez.info/
Maxwell,stefanie43@hooper.com,001-775-349-4096x39370,https://roberson-white.com/
Melody,brichard@cervantes.com,3016263066,https://pena-clements.info/
Alejandro,jillrichmond@pugh-roach.com,+1-797-827-1242x92150,https://riggs.com/
Jermaine,wilkinsondaisy@chaney.com,215-615-3911x03142,https://www.riddle-yates.com/
Terry,mcculloughkylie@ford.com,(025)888-2467,https://www.osborn.com/
Tanner,melvin55@marks.net,323-622-6142,http://www.cordova.biz/
Troy,ezamora@burke.org,(105)480-0123x26243,https://www.sampson-torres.com/
Barry,brad79@powell.org,879-877-0959x8275,http://www.adams.com/
Samantha,collin50@wilkinson.net,399-272-1656,http://cummings.com/
Wendy,christyconway@reid.com,+1-649-246-3192x6283,http://www.allison.biz/
Greg,anitadorsey@mccarthy.biz,(134)788-2076x01663,https://larsen-parks.info/
Rita,friedmandean@hodge.info,+1-281-101-3018x350,https://www.friedman.com/
Rose,downsjackie@cole-orr.com,+1-055-837-7879x1252,https://edwards-morton.com/
Paige,robertsmelanie@swanson-willis.net,(294)388-8874x77749,https://www.cain.com/
Xavier,shamilton@wheeler-jensen.biz,001-044-902-1021x0730,https://www.hughes.org/
Michaela,raysimon@smith.com,001-512-968-0738x36067,http://maldonado.com/
Kyle,donaldsongina@underwood.com,(992)339-2987x8823,http://warner-jarvis.com/
Devin,ubennett@mckenzie-farley.info,509.529.1957x1149,https://www.ritter-spears.com/
Omar,aowens@arnold.com,6754419752,https://www.robles-stuart.net/
Desiree,leeeileen@peterson.com,001-459-908-2770x5164,http://www.mckenzie.biz/
Fernando,frederick82@pham.info,058.700.1805x79527,http://www.schwartz.biz/
Anne,ybanks@velazquez.biz,1543433537,https://paul.biz/
Glenn,luis88@calhoun-gaines.com,410-876-8930,http://chan.org/
Tracey,oconnellkristopher@roberts.com,528-632-2992,https://hansen-frank.info/
Catherine,qlambert@obrien-gay.com,001-952-882-4943x6521,https://moreno-brown.com/
Sharon,masseyvickie@prince.info,961-490-5003,http://olsen-patterson.org/
Clinton,robin51@caldwell.net,4026886241,https://page.com/
Sheri,kyle22@robbins-trevino.net,137.658.0730x2226,http://lara.com/
Beth,hendrixjoanne@hooper.info,001-277-408-3148,http://www.bruce.net/
Cole,geoffrey76@gonzales.org,(485)799-9011,https://www.roach.org/
Caleb,lindseymcmahon@hayden-tucker.com,9173070717,https://mcintyre.com/
Glen,jcantu@clayton.com,069-570-2406x42623,http://www.carpenter.com/
Cristina,mathew61@woodward.com,+1-009-592-5692x07601,http://www.bernard.com/
Kathy,ugordon@boyer.info,457-249-1421,http://www.lucas.com/
Rachael,paula85@douglas-mann.net,+1-163-733-5172x202,https://cortez.info/
Marcus,gravesjanice@rice.org,296285294,http://www.wall.org/
Norman,nathaniel65@copeland-levy.org,101-792-2248x75474,http://www.potter.com/
Brandon,currysabrina@henry.biz,001-381-394-5895,https://rowe.com/
Autumn,robertasharp@vasquez.info,8241986767,https://www.andrews.com/
Jaime,casey71@little.net,119-870-5313x089,https://www.walter-frederick.com/
Reginald,plawson@reyes.com,001-379-229-1128,https://www.small.com/
Chelsey,aaroncollins@nunez.com,+1-949-959-6027x4955,https://rich.net/
Clayton,katiestanton@villa.com,348-428-5110,https://www.henson-benitez.com/
Kurt,thompsonangie@may.com,+1-392-021-7859x819,http://gibbs-friedman.com/
Joy,sheenarichards@harrison.com,-8629,http://daniel-walton.info/
Jeremiah,fgoodman@livingston.org,(262)014-0619x128,https://camacho.net/
Candice,adamsjim@luna.com,075.648.5185x0727,http://porter.com/
Alejandra,kporter@kelley.com,154.782.0511,http://wagner-orr.com/
Shaun,craigkent@waller.com,+1-334-107-6270x7050,http://www.houston.info/
Darryl,qbates@randall.com,(813)961-4357x6049,http://zavala.com/
Joe,wesleymcfarland@dunlap.info,(576)331-1523x4246,https://rowe.info/
Travis,rshields@mack.com,001-422-237-1259x85115,http://wolfe.net/
Warren,brittneytravis@salinas-zhang.org,001-958-863-5451x76396,https://wiggins.org/
Katherine,iheath@woodward.biz,+1-600-942-9704x234,http://www.schmitt.biz/
Karen,gary29@craig.org,808-117-7855,https://warner.info/
Logan,valerie78@osborne.net,977-123-8872x405,http://www.christian.info/
Kathryn,mccartycandace@mclean.com,001-298-135-6349,https://koch-willis.com/
Christina,isabella03@rojas.com,(470)738-3122,https://mercado.com/
Joel,icalhoun@scott.com,001-751-158-4289x09917,http://www.cunningham.net/
Frederick,kiaramacias@banks.com,7485075124,https://www.church.com/
Warren,darrell62@dickson-nielsen.biz,698.165.4951x0179,https://www.carlson.info/
Melvin,rashley@robbins-boyer.org,+1-188-596-0811x285,https://vasquez-whitaker.com/
Meredith,sandy88@dougherty-gordon.biz,001-318-243-7439x5141,http://www.miles.info/
Dawn,nataliemedina@mitchell.net,469-276-0499,http://www.huber.org/
Audrey,martinjeanette@petersen.com,2530282881,http://www.orr.org/
Kurt,sanderscheyenne@peters-ware.com,184-270-7286,https://www.weber-watson.info/
Eugene,charlotte42@bowman-arellano.biz,+1-115-518-1104x112,https://terrell-proctor.com/
Caleb,weverett@dixon.info,1736964162,https://www.bell.net/
Kaitlin,ross23@hooper.com,001-461-800-0549x5927,http://www.hicks.info/
Jennifer,deannamiller@boyle.com,001-642-243-5591x490,https://collins.net/
David,mpetty@clark-allison.info,078-430-6698,http://www.roth.com/
Jenny,dustinrhodes@fischer-hendricks.com,057-794-7283x0115,http://www.burnett.com/
Lonnie,ronnieprince@haley.com,558.481.0137x0251,http://zamora-wong.net/
Janice,careyspencer@ellison.com,001-168-423-5408x6465,https://www.welch-houston.com/
Debbie,sfrederick@fowler.com,890-390-7381,https://www.stevens.com/
Jean,gregory88@kane-atkins.org,(804)752-9766,https://frederick-dawson.com/
Philip,barrerasamantha@manning.com,161-735-9006x7587,http://rivera.net/
Jillian,wilkinsontravis@booth-crawford.biz,001-488-605-1551,http://shepherd.com/
Mindy,jessicagillespie@ibarra-cannon.org,061.633.7317,http://skinner-finley.com/
Bobby,hodgekiara@conley-haynes.info,001-841-118-6847x3429,https://nicholson.com/
Amanda,slivingston@cherry-lara.info,092.983.8391x0219,http://www.mcneil-gould.biz/
Ralph,hansenjoshua@pugh.com,001-027-190-5941x6139,https://www.fuentes-vang.info/
Brian,jblankenship@harper.com,011-512-9780,http://boone.biz/
Joann,llowe@mcmahon.biz,(381)810-3453,http://www.fitzgerald-acosta.info/
Rhonda,rollinscristian@harvey.com,-6373,http://www.nielsen-davidson.com/
Charlene,belindawalls@wall-dalton.biz,-2363,http://www.reynolds.org/
Abigail,ecollins@wise.biz,3369249620,https://www.cantrell.biz/
Frances,nicholemccann@logan.com,063.207.4071x2868,http://www.calhoun.net/
Belinda,susan95@burgess.com,(088)972-6248,http://www.shelton-maxwell.org/
Michael,priscilla21@richmond.com,(520)429-5635x25615,http://www.grant.com/
Brooke,moraleonard@grant-murphy.org,522-888-4371,http://lin-hardy.org/
Desiree,pittmanjay@pruitt.org,266.796.3286,https://dudley.info/
Jared,qenglish@huang.com,(698)752-4375,https://www.schroeder-mora.com/
Latasha,sean06@bridges-serrano.com,-8904,https://www.ritter.com/
Joy,calebsolomon@li-berg.com,893.494.3142x496,http://oconnor-hale.com/
John,jamiemontgomery@cameron.org,062.297.8516x2490,http://chandler.net/
Claire,hannah33@leach-frey.com,001-466-412-2339x568,http://www.dominguez-higgins.com/
Judy,tmoses@mueller.com,225.985.8787,http://odom.com/
Andrea,stephensonkevin@rojas-strong.com,291.037.8984x1081,https://boyd-giles.info/
Karla,nathanielmoreno@cunningham.com,162.631.2031x11874,https://www.frazier-logan.com/
Sean,tbartlett@knox.com,(047)724-5640x598,https://harrington.net/
Nichole,warddeborah@eaton.com,(821)763-1287x67117,http://avila.net/
Justin,robersonangie@thornton.com,2468288047,http://www.garza-crane.com/
Devon,glenda72@hobbs-watts.com,001-128-294-9900x938,http://sutton.net/
Becky,rblack@benson.com,001-670-136-2445x2162,https://mclaughlin.com/
Misty,zbarron@ross.com,8958143127,https://www.mosley-vazquez.com/
Franklin,miguel73@fisher-hatfield.org,6452262596,http://mitchell-ho.com/
Leonard,gainesbethany@washington-pearson.com,(339)897-1478,http://www.hurst.net/
Lonnie,hbradshaw@wang.biz,776-314-9384x06185,http://www.sosa-baldwin.com/
Clarence,billy41@malone.net,(811)826-3109x160,http://daniel-campbell.info/
Johnny,lancebenitez@nash.info,997.299.6070x719,https://walton.net/
Richard,jonesjacob@downs.com,001-416-240-5397x41745,http://www.kaufman-braun.net/
Tabitha,joneskrystal@blackburn.net,(415)148-9992x348,https://www.villegas.com/
Adrienne,yjenkins@lowery.com,+1-104-867-8861x020,http://browning-jennings.com/
Jorge,alfredsnyder@tran-ellison.com,001-744-318-0340x612,https://mcknight-trevino.info/
Kathy,anitavillarreal@reilly.com,+1-641-650-3021x87498,http://www.anderson.net/
Larry,chelsey46@calhoun.com,001-701-867-1383x1224,https://taylor.com/
Gabrielle,ulogan@gilmore.com,(446)815-9851x55536,https://www.washington.biz/
Maxwell,ray95@barnett.com,+1-471-377-5595x163,https://www.mccoy.com/
Joyce,calhounkari@thompson.info,(991)333-4640x442,https://www.solomon.com/
Kari,kathrynsims@wong-chapman.com,604.491.3461x377,https://www.trevino.com/
Trevor,nicholserika@cooke-le.net,775-020-2079x497,http://www.carter.com/
Diana,brendan87@hale.com,735.512.3835x8357,http://www.ortega.com/
Cynthia,victoria21@pope-ortiz.com,115.810.4850x424,http://lambert.com/
Billy,kylie93@patterson.net,(361)385-5690,https://www.townsend.com/
Grace,hayley87@washington.org,(873)949-1983x4897,http://www.tran.com/
Kerri,scurry@schaefer-tate.info,+1-293-778-8348x6650,https://www.lawson-maddox.com/
Kaylee,barbara31@page.info,+1-698-954-3625x127,https://www.pacheco-reilly.biz/
Manuel,alexandria98@shields.com,608-850-4442,https://www.andrade.info/
Helen,pacenatasha@whitaker.com,+1-697-804-0117x4196,http://www.boone.biz/
Leon,drew59@strong.info,(279)741-0423x69516,http://owen.com/
Henry,gregorymcfarland@rodriguez.com,355-017-0172x376,https://www.proctor.biz/
Gerald,isabel75@rubio.com,+1-828-078-2073x85914,https://lawrence.com/
Ariel,sarroyo@mejia.com,(730)428-6709x177,http://solis.org/
Judy,dflynn@spears.com,813.823.3028x1288,http://yoder-bender.info/
Miguel,hblankenship@ellison.biz,772-470-9914,http://wolfe.com/
Lance,urojas@wolf.org,(613)802-1612x3942,http://shaffer-schmidt.com/
Natalie,larsonray@hodges-bartlett.net,313-974-3712,https://www.ruiz-underwood.com/
Charlotte,braunjillian@mcintyre-delgado.com,8725386164,https://www.gentry-woods.com/
Chelsea,clayton96@knight.com,934.865.0142,http://saunders-warren.org/
Larry,spearsmarissa@flowers.com,584.674.7798x202,https://www.rice.com/
Paul,wolfedanielle@pitts.com,(286)680-1556x571,http://www.caldwell.com/
Caitlin,bonnieparks@ritter-flynn.com,(388)401-9174,http://moreno.com/
Adam,isaiah33@ho-lane.com,543.138.1663x40499,http://liu.com/
Martin,montgomerycharlotte@wong.com,+1-970-276-7201x890,http://www.cook-wagner.com/
Ronnie,tricia95@mcdonald.com,106-963-0970,http://www.valenzuela.com/
Sheryl,larry51@stark.com,(305)830-2923x7751,https://jarvis.biz/
Kristen,watkinskaylee@pacheco.biz,122.795.8554,https://ho-medina.net/
Cole,dorislucas@evans-hartman.info,-1761,http://moses.net/
Lee,wilkersonnicholas@crosby.net,001-688-880-0262x9032,https://strickland.com/
Paula,sethrhodes@silva.org,001-127-810-4196x93626,http://cooke.com/
Claire,chaynes@rasmussen.com,(232)325-5438x4420,http://leach.com/
Amy,hamptontammie@gonzales.com,(864)992-4522,https://rivera-madden.biz/
Joshua,brittanylandry@whitaker.org,535.993.8658x5889,https://carlson.com/
Brian,stevesuarez@winters.com,001-306-273-3597x195,https://www.brandt-romero.biz/
Jeffrey,mezakristina@hunt.com,001-785-526-1474x848,http://hartman.com/
Denise,qmyers@dominguez-doyle.net,255762512,https://www.lutz-parks.info/
Wayne,eshea@simmons-calhoun.org,6216972099,http://keller-browning.org/
Sandra,mcgrathdalton@barr.com,(387)623-0064,http://dominguez-bender.com/
Jose,donhood@gilmore.com,829-791-0792x681,https://morse-vega.com/
Joel,gfarley@wheeler-ayala.com,+1-517-016-8892x66533,https://www.mercer.com/
Sergio,darrylbarker@hebert.com,001-841-550-2611,https://www.chang-short.com/
Latoya,audrey14@hopkins-serrano.biz,018-498-6552x49343,http://www.koch.com/
Chase,randall08@palmer-wells.com,345-139-2949x294,https://www.andrews.biz/
Jeff,carlsonguy@massey-brock.net,+1-723-951-5181x51343,http://herrera.org/
Brandy,dkirk@bartlett-gross.org,001-328-943-0547x44801,https://www.mccullough.com/
Jade,ihaynes@velazquez-robertson.org,852-988-2801x920,http://sanford.com/
Melody,biancapratt@espinoza.org,(792)527-4293x9478,https://www.jordan-hooper.com/
Brandon,cheyennemurillo@campbell.com,247-496-3617x4442,https://coffey-zimmerman.com/
Jean,jeffrey93@russell.biz,316-885-2486x37693,http://www.vang.org/
Albert,krystal85@aguirre.com,1409330227,http://www.wise.com/
Jose,billykerr@martinez.org,001-921-628-7818x742,http://www.chavez-browning.com/
Jennifer,darrell48@robinson-graves.com,559-737-7735,https://www.carter.net/
Angel,fgeorge@daniels.com,+1-799-038-1973x31589,https://www.conner.com/
Alyssa,donaldsondamon@dickson.com,446.077.4531,https://www.mcbride-carpenter.com/
Lawrence,santosrussell@hicks.com,126-968-6585x449,https://russo.com/
Joyce,tomwyatt@fischer-morgan.biz,001-924-051-0560x8625,http://www.schmidt.com/
Doris,gerald81@norris.com,(049)441-6524x3925,https://www.clements.info/
Johnny,ihutchinson@bass-nunez.info,(934)006-7345x1991,https://www.nichols-woodward.com/
Leroy,helen10@mcgee.com,001-731-995-1045x73172,http://wyatt.com/
Diana,anarobles@barton.com,1330301835,https://pugh-hicks.info/
Victor,nkey@buchanan.info,855.904.1357x422,http://www.wyatt.biz/
Alexis,singletonbriana@cameron.com,(864)068-9264,http://holloway-kent.biz/
Xavier,jessesavage@barr-mathews.com,001-871-544-0771x92696,http://www.glenn-jennings.com/
Lawrence,ryan38@delgado-crane.com,514-979-1897,https://www.dickerson.org/
Albert,wnielsen@reeves.com,001-431-456-7655x0805,https://www.gentry-fry.org/
Mikayla,rbryant@ritter.org,(667)520-6791,http://evans.info/
Frederick,jonathon19@hicks.net,282-880-3704x78176,https://www.bean.com/
Kirk,mconley@mercado.com,(393)009-8348,http://baxter.biz/
Alex,bailey40@le.com,661.855.9643,http://simmons.info/
Trevor,kathleenvillanueva@bullock.com,+1-054-671-7769x0601,http://www.dalton-nguyen.info/
Sherry,vmorrison@contreras.net,+1-291-770-7166x110,https://steele.org/
Mallory,cunninghamshelly@hines-curtis.org,886.407.6741,https://christensen-irwin.biz/
Daniel,bvance@pollard.biz,+1-571-521-3846x57224,http://www.nguyen.com/
Jesus,moyertanya@santos-fletcher.com,108.971.0721x622,https://www.elliott.info/
Gilbert,castilloluis@kent-reese.biz,(221)089-3081,http://www.hoover-foster.com/
Kerry,zcase@mccarthy-patton.com,001-226-444-9485,http://www.swanson.org/
Alexandra,deleonclinton@harrison-small.com,(046)172-4456x00453,http://www.rivera.com/
Vincent,josephmeyer@cameron.com,001-700-782-7652x43567,https://www.cobb.biz/
Parker,hancockbrianna@mccann.org,800-134-7296,https://perez-pollard.com/
Ebony,marvinschmidt@lopez.com,(273)873-2514x0301,http://haley-ho.com/
Jesus,rutharellano@stafford-gross.com,201-923-9778x77610,https://ayers-lyons.net/
Candace,candiceguzman@carlson-graham.com,580.784.5445x8799,http://www.estrada-olson.biz/
Juan,choidean@hays.com,622.669.1603,https://www.coffey.com/
Richard,mario93@roy.com,1312959767,http://www.bernard-greene.com/
Rick,cmercado@reed.com,1246308068,http://strong.com/
Meagan,alvin00@zavala.com,045.978.0060x2686,https://oconnell.com/
Larry,kennethtownsend@dominguez.biz,001-460-621-7336x21105,https://lowe-potter.com/
Kelli,jgonzales@maddox.com,(146)723-4725x320,http://www.ellison.com/
Crystal,gwendolynterry@blanchard.com,(294)591-5368x2730,http://www.tapia.com/
Frank,leachnina@cantrell.com,001-835-636-2317x30070,https://morrison.com/
Rhonda,ellisontanner@gray-lewis.org,683-206-2812x62499,http://www.simpson-knapp.com/
Lisa,hammondcristian@berry.com,(530)069-8101x9936,http://www.horne-arias.biz/
Isabel,mccarthyangel@tate-lam.net,-4148,http://ray.com/
Bianca,rodriguezralph@herring.biz,1044305513,https://ward.com/
Leon,grahampaige@carpenter-olsen.com,001-887-377-4049,https://alvarez.com/
Luis,mcleanmichael@arroyo.com,+1-879-821-5036x88727,https://www.yu.info/
Mitchell,colleenbarnett@hobbs-smith.com,(431)117-2099,https://www.mosley.com/
Edgar,kphelps@trujillo.net,433-658-4621x897,https://rollins-ewing.net/
Norman,peggy04@mack-chambers.biz,001-425-986-9926,http://www.cisneros-taylor.biz/
Fred,ccollier@baxter.com,001-084-338-7865x4610,https://www.walter.com/
Lauren,harrellkirsten@knox.com,5031912516,https://velez.com/
Kristen,qhinton@ferguson.com,(092)964-5423x51182,https://www.berg.com/
Olivia,alec41@stuart.net,(834)478-1447,https://zhang.org/
Leonard,victoriacooper@avery-mooney.com,780.597.0581x28424,https://pugh.com/
Nathan,brucecarrillo@evans-powell.net,500.343.1102x896,http://www.richard.com/
Theresa,ybrandt@hahn-mejia.com,652.313.4558,http://estes.com/
Jamie,max17@estrada.info,156.475.1722,http://durham-sullivan.com/
Wayne,maxwellallison@gay-lynn.net,001-465-264-0729x0552,https://vega.com/
Allison,wileybill@archer-mckenzie.biz,001-008-787-6625x2345,https://www.curtis.com/
Ronald,mmcclure@wiggins.com,682-407-5337,https://www.dennis-west.com/
Deborah,catherine11@fleming-hull.com,3272511481,http://www.dodson.com/
Shari,mannashlee@kaufman-osborn.com,001-315-690-9856x3289,http://gallagher.info/
Brooke,stefanie48@fowler.com,642-178-2908,http://www.hartman.com/
Ashley,dustinbray@edwards.com,+1-954-391-2767x2713,https://www.clark.org/
Teresa,williamschmidt@watts-west.com,(810)085-5362,http://www.weeks-hill.info/
Bonnie,blakefitzpatrick@preston.com,905.720.1280,http://mcguire.com/
Ruben,ksheppard@moody.com,001-001-755-6573x744,http://christian-welch.biz/
Fernando,lancearellano@gentry.com,935.662.4930,http://warren.biz/
Katelyn,msantana@lester.com,001-748-474-1725,https://www.dickerson.com/
Sylvia,stevensmaureen@watts-tapia.biz,(737)463-4946x28020,http://www.mcgee-hood.net/
Margaret,mirandaburnett@bradford-ross.com,852-405-0322,http://www.ware.com/
Trevor,graceherring@pratt.org,(143)125-7299,https://www.crosby.net/
Bethany,mallory42@porter-cox.com,7672452943,http://cortez.com/
Dustin,rebecca69@nolan-hines.com,001-581-265-7460x9128,http://www.ho.com/
Jim,charlespriscilla@adkins.biz,(917)645-8692x92417,https://parsons.org/
Kerry,brettcrawford@griffin.com,(809)288-0431,http://www.gates-torres.com/
Allen,lisa85@rivera-schroeder.com,780-141-8750x802,https://walton.com/
Darlene,xrosales@odonnell.info,(773)609-6534x03500,http://stein.com/
Jane,hollowaymarcia@boone.com,+1-938-981-9582x3808,https://www.cummings.com/
Sheena,garrettwheeler@bullock-cervantes.info,724.799.9739,https://garza.com/
Patricia,tiffany09@hunt.biz,553-341-9264,https://cardenas-huff.com/
Shannon,romanjoyce@ryan-macias.info,163-260-7090,https://www.norton.com/
Mandy,duncanmadison@schmitt.com,(397)855-9737,http://www.wheeler.net/
Walter,jimmy88@cruz-mcmillan.net,778.939.1428x252,https://www.jimenez.info/
Summer,peckbenjamin@medina.com,+1-262-020-6183x48272,http://lin.com/
Jeffery,karl79@shannon.com,305.375.4582,https://www.townsend-bailey.com/
Carla,bmoreno@fisher.net,651.181.4126x613,https://spencer.com/
Dustin,gkane@young.com,(062)385-6926x539,http://griffin.com/
Melody,bookerdennis@garrett-winters.com,159.010.0744x631,https://stafford.info/
James,sara28@singleton.net,(674)232-5443x309,http://www.ali.net/
Jasmine,garzabianca@reed.com,972.058.3388,https://www.kennedy.com/
Vanessa,arielbryant@kaufman-frazier.biz,-7239,http://www.mason.com/
Jermaine,shelby88@merritt.com,001-686-391-4184x965,https://mathis-solis.com/
Mary,alexandraforbes@conrad.info,351.778.7812x29993,http://www.hebert.com/
Johnathan,stefanie30@hurley-wall.com,934.810.4293x4609,https://www.vargas-hammond.com/
Tracey,meghan46@james-villanueva.com,-5334,https://proctor.com/
Tristan,maynardkatrina@stone.com,640.241.8960x05257,http://www.guerrero-blake.com/
Sara,wongwarren@riley.com,(230)972-0993x995,http://estrada.com/
Norma,sabrinapeterson@webb.net,143-554-2456x8134,http://www.hubbard-bennett.biz/
Levi,cuevasjade@gilbert.com,+1-046-739-9713x6359,https://bradshaw-singh.net/
Anthony,colleen70@johnston.com,001-178-230-7640x879,https://www.cuevas-robles.com/
Kristine,natashawarner@arias.com,9325649072,https://www.hickman.net/
Ann,svance@mendoza.com,107.331.8104x247,http://www.frazier-roy.net/
Laurie,hughestyrone@medina-morrow.org,(083)997-1630x678,https://lester.biz/
Stephanie,leonpedro@moss.org,(291)032-7478x3921,https://www.horne-larson.org/
Ebony,lbray@ferrell.com,413-413-4353,http://www.bennett.com/
Norman,jermaine75@fowler-hancock.com,(202)135-7697,https://www.hudson.com/
Joann,strongterrance@wolfe.com,+1-641-824-1725x67554,http://www.huffman-frederick.com/
Catherine,clinedennis@madden-cox.com,001-620-071-4382x98993,https://www.dixon-wyatt.info/
Grant,pgarcia@floyd.com,(084)072-3076,http://www.bryan-reyes.com/
Jessica,garrettmacias@booth.net,+1-101-651-8437x6195,http://cuevas.net/
Trevor,joycedarryl@dillon.info,001-634-310-3561x7767,http://hayes.info/
Autumn,mckenzie25@lang-donaldson.biz,+1-389-275-8637x6575,https://escobar.com/
Nancy,mikaylagreen@coleman-cowan.net,(244)951-9482,https://harvey.net/
Kevin,jeffrey39@bautista.com,012.667.8351x50404,https://www.mullins-summers.net/
Dale,robertamays@waters-joseph.com,975-431-3171,https://morse.com/
Alexis,patricia79@fritz.net,(512)836-3507x74778,https://www.salas.com/
Javier,harmonclaire@reilly.com,(075)457-5517x67530,http://www.soto.com/
Zoe,cnewman@price-morrow.com,345.492.4217,https://berry.com/
Tim,matthew00@sheppard.com,378-939-1964,http://www.vazquez.com/
Tim,toni70@santiago.com,(689)706-2281,http://price-roberson.biz/
Brian,fordholly@mason.biz,956-608-9324,https://www.swanson-oliver.com/
Destiny,wandaruiz@hurley.com,+1-086-366-1883x533,http://www.kramer.com/
Austin,ryanapril@francis-rowe.com,001-526-053-4198x29394,https://brennan.com/
Briana,jermainefleming@vazquez-hughes.info,001-955-011-6356x92144,http://harrell.com/
Darius,ualexander@braun.org,+1-293-097-7390x7846,http://moon.net/
Toni,ayalapamela@reilly.biz,001-740-951-9735x19690,http://www.small-khan.com/
Warren,qnunez@vincent-gregory.info,(690)988-2386,http://ibarra-oneill.biz/
Colleen,hardywesley@barber.biz,241.016.4601x58665,http://rose.com/
Marie,ogoodman@small.com,001-353-743-7661x22563,https://horn.com/
Jasmine,mhayes@moss-martinez.com,(085)177-8857x9901,https://james.com/
Catherine,ebony76@odom.org,2799043535,http://jordan.com/
Nancy,mcmillankarla@jarvis.com,+1-090-310-5683x912,http://morrow.com/
Noah,abarrett@hodges-anthony.org,9114830093,http://www.powers.org/
Latoya,aprilbranch@knight.com,643.977.6128x19318,https://cantrell.com/
Chelsea,prestonbarnett@bell-haynes.com,706.726.7143,https://www.turner.com/
Katie,potterdamon@mccall.com,001-821-418-6267x16142,http://christian.com/
Colin,allenbrady@robbins.biz,950.410.8691,http://www.jimenez.biz/
Sonya,kayla90@andersen-huber.com,+1-620-337-2594x249,http://bowman.com/
Kayla,patricksteve@fleming.info,9224105102,https://lozano.com/
Christie,breese@oneill.com,681-064-4489,https://aguirre.biz/
Joanne,haley88@contreras-farmer.com,409-258-4406x903,http://madden.net/
Yolanda,daniel92@lynch.com,+1-635-918-7688x045,https://mcbride.org/
Katie,ronaldwheeler@figueroa-hendrix.net,971-044-1114x03531,https://www.tyler-harding.com/
Dakota,chanpatty@mclaughlin.com,616.268.3843,http://mann.com/
Johnny,martindoyle@villegas.net,001-305-523-1330x558,http://www.tapia.com/
Collin,ritablake@shepard.biz,001-272-422-9616x2196,http://richmond.com/
Cassidy,qmooney@banks-huber.net,961.864.7074x44148,https://www.rich.com/
Adam,chandlerluis@forbes-dickson.org,(201)217-5414x76650,https://www.hodge.org/
Hayden,aprillewis@pham-tanner.com,725-149-0412x68802,https://www.rosales.org/
Kellie,peter54@bentley-morrison.com,5705813957,http://www.fletcher.net/
Caleb,isaiah61@vazquez.com,(135)892-4638,https://www.fowler.com/
Troy,rmartinez@huber-larsen.info,119-263-4993x0315,http://riggs-estes.net/
Phillip,christian65@mayo.com,7397048829,http://www.conner.net/
Claire,sbeck@gray.com,712.336.6117,http://www.pace-garrett.biz/
Jackson,larry07@long-banks.biz,(660)779-1538x821,https://duarte.com/
Tiffany,alisonali@gibson-paul.com,+1-858-319-6403x781,http://www.beasley-floyd.com/
Jessica,floydandrew@chang.org,3340955302,https://mccullough-brown.com/
Alvin,gerald08@farrell-roy.com,001-476-415-2700x35855,https://www.hurst.com/
Harold,juarezphyllis@cunningham-hodge.org,490.268.7559x40231,https://www.vargas.org/
Rodney,tracihayden@clarke-little.biz,+1-780-140-3427x06362,https://olsen.info/
Adrian,gutierrezbob@paul-mccoy.com,(403)064-9377x718,https://www.bruce-fields.net/
Clifford,andersongrace@odom.org,+1-677-924-6108x520,http://friedman.com/
Regina,rushshari@day-singh.com,(986)519-8640,http://moran.com/
Kaylee,billymiranda@knight.biz,922.157.5301x43064,https://lee.com/
Reginald,robert91@maldonado-knox.net,+1-650-842-6537x733,https://www.pruitt-anderson.biz/
Shelby,charlene99@dixon.com,-9083,https://www.krueger-hanna.com/
Connor,igraham@flowers-stein.biz,+1-340-458-8448x9429,http://www.mora-hanna.com/
Kevin,justin34@ruiz-wood.info,157.074.5677x8272,http://www.hampton-chapman.com/
Connie,gallagherfrank@fitzgerald.com,(007)901-2759,http://www.petty.biz/
Kaylee,nicholasmaldonado@west.com,590-801-4830,https://pitts.biz/
Betty,joel57@singleton.org,-8321,https://ford.com/
Dwayne,rbryant@burnett.com,(128)520-7063,https://www.lin.info/
Kenneth,piercefranklin@livingston-bass.biz,001-827-560-0044,https://swanson.biz/
Peggy,goldengilbert@goodman.org,9941127439,https://petersen.com/
Jonathan,dicksonshannon@levine.net,(824)218-5384x131,https://www.ewing.com/
Sean,drewmcgrath@bowen.com,(432)642-7473,http://www.schroeder.org/
Rebekah,erik89@woodard.biz,+1-358-433-4717x053,http://www.avery.com/
Lisa,chungsharon@zavala-bond.info,(839)370-9200,https://franco-wright.info/
Paige,hughescesar@pacheco.com,+1-686-352-5419x4518,https://pearson-wyatt.com/
Howard,ykeith@lloyd.biz,466.476.5092x2423,http://www.fox.org/
Jose,roberta05@bates.com,620.213.5251x61915,http://hurst.biz/
Janet,yorkjermaine@noble-hayes.net,961-279-7725x8495,https://www.huffman.com/
Jasmin,pclark@ortega.com,(100)042-3614x67556,https://costa-owens.com/
Jennifer,bianca43@nixon.com,(658)565-9042x785,https://www.farley-powers.com/
Gina,geoffreywagner@willis-macias.com,260.034.6056,http://www.vargas.com/
Vanessa,haley36@maynard-richard.biz,367.346.5645x20766,https://mclaughlin.com/
Brenda,taylor22@chavez.net,172-984-8633x59652,http://www.mayo-mosley.net/
Chelsea,corey96@conner.com,(953)765-3316,https://www.nelson.net/
Tabitha,melvinwilkerson@serrano-ochoa.com,(858)389-8354x92996,http://www.allen.org/
Anne,sabrina88@buchanan-richards.net,450-030-9497x5825,http://www.kramer.com/
Logan,wsutton@vega.com,296-486-6498x3584,http://case.com/
Reginald,gabriela19@rivera.net,311-758-1838x851,http://weeks.org/
Bob,elijah10@zimmerman.com,+1-727-528-9832x0341,http://www.bush.com/
Andrew,monica69@cohen.org,001-739-121-0612x185,http://dalton-lucero.com/
Rita,earias@rangel.info,(848)440-4216x2032,http://browning-wiggins.biz/
Briana,miguelwilkinson@shaffer-beasley.com,001-921-460-8818x909,http://curry.com/
Brady,echapman@small.biz,+1-352-880-8085x79835,http://www.espinoza.com/
Clifford,khoover@atkins.com,811-895-1562x16746,https://ho.com/
Kathryn,hayden76@estrada-michael.info,004.464.5105,https://fitzpatrick-mason.com/
Rodney,bkirby@arellano.com,640.924.7378,https://www.grimes.net/
Gabrielle,isaacbyrd@chang-mcdonald.com,(330)060-8763x13256,http://lozano-macdonald.info/
Yolanda,andresgrimes@graves.org,997.566.7029,https://www.fritz.biz/
Jonathon,maureen96@heath.info,(805)214-9010,http://davidson-reyes.com/
Lee,tracie58@marsh.com,001-504-823-7259x294,https://howard.net/
Yvette,aatkinson@suarez.biz,1888274804,https://www.wolfe.com/
Kayla,emma49@dunlap.biz,571-790-4196,https://www.joyce.biz/
Vernon,xkeller@cole.com,001-411-825-1728,http://collier.org/
Bobby,eugenemarsh@english.com,+1-103-694-2177x07046,http://www.meyers.com/
Lindsey,lacey67@weeks.net,(088)976-7646,http://www.hodges-rojas.biz/
Jared,larryhoffman@jarvis.info,(281)073-0559x1032,http://www.green-huffman.com/
Mike,sschroeder@proctor.com,768-471-6955,https://cantrell-conner.info/
Leon,shelia48@salazar-petty.com,463.646.6346x373,https://arnold.com/
Darren,maddoxdevin@burch.com,001-374-843-5948x172,http://www.ward.info/
Chase,cannontyler@townsend.com,001-935-548-0761x3295,https://hobbs-hendricks.com/
Kent,tracicabrera@park.com,(929)948-5632,http://www.knight-ferguson.biz/
Miranda,audreymarks@howell.com,-10964,https://norman-goodman.com/
Kathy,breanna07@maddox.com,360.599.9289x53367,http://www.sandoval.com/
Jeremiah,wblake@oliver.com,189-903-6785x140,http://www.flowers.com/
Gilbert,sheenaboyle@stephens.net,668.708.3988x52213,http://hinton.com/
Tony,bailey25@parks.net,(653)584-1417,https://www.gallegos.org/
Dana,prattdouglas@todd-wolf.info,(559)029-8611,https://www.glass.biz/
Benjamin,masoncarson@meadows-deleon.com,645-072-8460x93481,http://www.may.com/
Teresa,tim18@daugherty-raymond.com,742.369.1842x534,http://www.shea.com/
Tricia,brendantodd@curtis-gross.com,072-837-0392,http://sawyer-ellison.org/
Carmen,riosraven@case.com,+1-635-818-8774x874,http://www.sullivan-fleming.com/
Tiffany,alice75@burke-peck.net,001-851-807-6472x362,http://www.mcbride.com/
Wesley,farleygene@white.biz,+1-537-095-1160x857,https://www.blanchard.com/
Raven,princeadrienne@patrick-brewer.com,(138)399-4430x4215,http://www.michael.com/
Elijah,moonbeverly@leblanc.com,-8193,https://www.ball-bradley.com/
Colton,mosleyheidi@walter.com,+1-692-985-7073x2420,http://www.perkins.com/
Krista,wyattwinters@cole.org,5571388845,https://zavala.com/
Johnny,skaufman@cline.com,+1-427-530-1546x613,https://www.yu.com/
Amy,brockoscar@cole.org,(549)636-2012,http://lane.com/
Rachel,kelliroy@sawyer-barker.com,001-884-328-3072,https://www.jordan-wolf.info/
Judy,hdonaldson@harmon.com,(607)174-9629,https://www.mcneil.com/
Priscilla,gregoryrobyn@summers.com,331-641-0899x39193,http://munoz.biz/
Zoe,angelicaarias@harmon-cabrera.info,711-700-7316,https://www.bender-church.org/
Gabriella,ericperry@simon.com,-1285,http://knight.info/
Jeff,alice96@payne.com,4846115390,https://mckay.com/
Natalie,scottdrew@vazquez.com,994-837-8130,http://boyd-rios.com/
Matthew,eriksnyder@giles-bowers.com,(755)596-9258,https://www.kennedy.com/
Jack,kmccullough@bryant.com,+1-186-954-2345x50800,https://colon.net/
Sheryl,mcfarlandrobin@callahan-wilkins.com,4607479481,http://schmitt.com/
Nina,willisemily@kidd.com,+1-485-800-8615x614,http://mcclain.com/
Samuel,grace28@bullock-mcpherson.com,964-392-4331x122,https://nielsen.info/
Charlotte,ashleyrubio@holder.org,+1-318-651-3240x85546,http://farley.biz/
Eduardo,monique25@scott.com,+1-811-191-5436x801,https://www.ball-oneill.net/
Adrienne,edwardsjoyce@freeman-chang.info,2359699770,https://www.french-bennett.com/
Darrell,mayerdaryl@krueger.com,001-877-608-0266x60716,http://www.baxter-holloway.com/
Rodney,candacecalderon@green.com,(585)620-7194,https://www.meadows.com/
Bryan,allison44@bonilla-schmidt.info,001-937-687-3361x3635,https://www.arnold.com/
Gregory,mcochran@woods-norton.org,070-106-2837,http://www.hooper.com/
Edgar,orangel@bennett.com,(116)825-6659,http://crawford.com/
April,maloneclayton@figueroa.org,(236)750-8118x7379,https://www.noble-warner.com/
Mercedes,patricia64@ballard.com,(455)733-8072,https://www.terrell-shaffer.info/
Theresa,hcortez@greene.com,651-731-8085x65555,https://www.house.biz/
Tom,moniquemcneil@dudley.com,583-004-9289x49426,https://www.salinas.biz/
Tiffany,dorisfritz@curry.org,(034)709-0999x48553,http://love-ross.info/
Lacey,mcbridebrad@kirk.com,682-061-5849,http://mayo-cline.net/
Gail,melinda57@pham.com,+1-966-127-7839x7355,http://carson.com/
Leslie,geoffreysteele@rios-morrow.net,705-681-5759x767,http://ware.com/
Katie,stephenharper@wall.com,001-962-347-9603x708,http://curry.com/
Kelly,tgill@novak-patton.com,(562)102-3959,http://leach-carlson.net/
Blake,alexander77@mcdonald-daniel.info,013-020-1516,http://www.mosley.com/
Jesse,richmondkeith@kelley-young.com,586-661-5901x98348,http://acosta-grimes.com/
Kristi,ericalee@stanley-waller.net,8240496302,http://lawson-deleon.com/
Isabel,ralphmcdonald@ware-bryan.biz,132-733-2938x347,https://mays-gentry.net/
Donna,mackenziemaldonado@colon.com,001-779-019-8697,https://fritz.com/
Connor,darryllucero@herrera-melendez.com,(958)711-7807,https://www.golden.com/
Chloe,mullinsrita@whitney-frey.com,(276)082-5145x32289,https://jimenez.info/
Drew,morrisonann@levy-gillespie.com,-6366,https://bailey-lang.org/
Clifford,kerrynewman@walters-herrera.com,911-898-5670x6524,https://coleman-kline.com/
Ashlee,vguerra@newman-higgins.com,6195341447,http://www.huffman-howard.com/
Jackie,spencergalloway@rivers.com,001-408-710-3110x07304,https://www.zavala-stephenson.info/
Crystal,stuart08@grant.com,+1-238-636-2070x8867,https://barnes.net/
Caitlyn,cartersally@moon.com,4714761575,https://morse-ellis.com/
Brenda,hardinrebekah@burton.org,701.328.4420x6558,http://marks.info/
Tina,karlflynn@riley.com,+1-710-467-4230x82225,https://conway-lowery.com/
Andre,juliannguyen@herrera.com,(924)552-7169x9565,https://www.leonard.com/
Jesus,pkent@gillespie.com,6682148764,http://www.conley.com/
Kendra,greg54@vang.com,+1-224-175-4327x551,https://vargas.com/
Tyrone,pamelatorres@walsh.com,+1-512-094-9201x7349,http://ballard.com/
Isaiah,vparrish@marsh-kane.com,469-240-7284x79805,https://macdonald.com/
Shelia,gonzalezkari@dominguez.com,943.205.6051,https://www.meyers.com/
Donald,isaiahescobar@wyatt-baxter.net,029.144.3636x4543,http://merritt.com/
Kaitlin,nathan99@patel.net,759.850.2425x488,https://www.blair.com/
Mallory,rfuller@hays.org,449-913-8622x010,http://www.day-stevenson.biz/
Cathy,kathleen13@cobb-durham.biz,692.308.7155x60161,http://www.cox.com/
Larry,rhondachang@hooper.com,344-879-6265x2915,http://www.oneal-stewart.net/
Robert,bauerfernando@lester-baldwin.info,002.334.6601x96537,http://www.luna.info/
Glen,rbrown@blair.com,616.128.9143,http://www.tapia.com/
Holly,sarah29@mcdonald.biz,001-088-949-3404x580,https://ortega-vasquez.biz/
Erin,finleyangie@carson-medina.com,021-474-8646,https://harrell.biz/
Chloe,isabel97@small-pope.net,281-238-4266x80391,https://www.reese.net/
Jeanette,brittany40@ho-jenkins.com,001-920-467-7130,http://www.leach-sparks.com/
Max,garyglenn@richard-kirby.info,+1-918-397-7603x7533,https://mcdonald.com/
Julie,wbrady@hayes.com,648-667-5654,https://www.elliott.info/
Regina,joannejohns@rich.biz,+1-283-289-1603x6932,http://www.paul-duarte.com/
Lacey,vcombs@curry-benjamin.com,3204843368,http://ball-patterson.com/
Devin,tdaniels@cordova-baird.net,538-646-3674x42522,http://www.oconnell-burgess.com/
Shawna,morgan50@phelps-owens.com,113.198.1232x349,http://tanner.com/
Edgar,robersonclifford@byrd-salas.com,001-191-297-9239x9405,http://www.joyce-mcconnell.org/
Levi,brandihickman@lyons.com,741.270.4555x931,https://briggs.net/
Victor,teresaholt@coffey.info,(384)624-2077x889,https://frye.org/
Lacey,estuart@stein.com,+1-503-287-7815x72275,https://espinoza.com/
Chelsea,murrayeric@mcgrath.com,(560)442-1117x162,http://www.williams.biz/
Dominique,jackson23@ashley.com,(025)969-8906,http://www.ho.com/
Cheyenne,debbiedeleon@barber-flynn.info,+1-784-904-2626x326,http://www.rowe-flores.com/
Frances,rlutz@dodson.org,001-078-423-6098x72526,https://www.galvan.com/
Melvin,brian89@casey.info,+1-879-286-7868x85150,http://www.morse.com/
Gilbert,alexander26@middleton.com,001-356-872-6888,https://abbott-wong.com/
Tim,kenneth60@mcgrath.net,492.286.3536x1095,https://www.pace-fernandez.com/
Peter,pamela16@tapia-wolf.biz,+1-773-576-9568x46072,http://gould.org/
Dan,richardkatherine@fields.com,+1-380-680-3322x12351,http://rose.com/
Crystal,ymejia@wolfe-vargas.com,403-529-6844x329,https://bonilla-blankenship.com/
Helen,ethornton@francis.com,001-149-326-1812x189,https://choi.info/
Christine,alexander60@bruce.net,+1-218-634-0508x106,http://rocha-yates.com/
Jeffery,ujarvis@watts.com,333.790.0532x37031,https://hunter.net/
Mario,pamelaneal@valencia.com,576-085-2510x50951,https://shea.biz/
Abigail,elijahcherry@mann.com,+1-015-330-3044x9291,http://larson.com/
Darlene,sbarton@shepard.com,+1-855-196-9418x81071,http://www.haley.org/
Dwayne,johnsonterry@powers.net,608-318-1360x5790,https://www.johnston.info/
Gregory,maureenstanley@nolan.com,(512)496-2505,http://www.clay-mckinney.net/
Latoya,edowns@cantu-rodgers.com,(885)565-0844,http://huber.org/
Brooke,jonathan71@bush.com,921-336-3578,http://www.odom.com/
Savannah,diana73@gilbert-schneider.biz,058.465.8134x2518,https://www.braun.com/
Donna,krausetom@buckley.org,022.369.2480x0199,http://herrera.com/
Jim,carlosodom@schultz.org,001-197-167-5644x088,http://proctor-martin.com/
Leslie,huffcaitlyn@charles.com,001-738-796-7880x03902,https://crawford.com/
Ariana,joshua45@dillon.org,(879)760-8633x890,https://www.garcia.net/
Paige,hammondcaitlyn@aguirre.biz,+1-307-022-1642x87860,https://williams.net/
Darryl,emercado@boone-craig.com,+1-363-873-0767x6275,https://spears.net/
Kristopher,aprilblevins@cummings-parrish.info,+1-702-319-5627x093,http://le.com/
Michael,traci55@golden.com,349-685-9860x3658,https://cervantes.com/
Douglas,epope@powell.com,001-288-580-6595x26613,https://preston-willis.org/
Tanya,kmelton@strong.biz,569-568-6926x10347,http://www.martin.com/
Christy,coltonarellano@boyle.com,663.769.9149x356,http://www.durham.biz/
George,villanuevalogan@murillo.info,883.277.3498,https://www.stanton.biz/
Colton,nmccullough@vasquez.info,+1-320-691-4069x2667,https://morton-kim.com/
Daniel,barbaranorman@vazquez.com,(861)168-6984,http://shields.biz/
Cristian,vwagner@blevins-alexander.biz,985-631-2105x524,https://www.velez.com/
Francis,marthayoung@ellis.net,118-578-4457x94867,https://rowland-hendricks.com/
Dylan,randy44@raymond.com,782.213.1004,https://jennings.net/
Olivia,gbender@brown-baxter.com,748.787.9668x90728,https://www.stevenson.biz/
Dana,herbertparker@wallace.biz,(564)993-0360x899,http://www.mckay.com/
Megan,gavinhaas@harrison-barton.info,(375)628-3997x70991,http://kramer-henry.com/
Daniel,saundersriley@aguilar.com,(241)100-8810x6119,https://www.riddle-goodwin.com/
Danielle,toddskinner@hart.net,+1-498-398-3416x21339,http://www.parsons.info/
Mitchell,shannonmcfarland@cisneros.com,167-360-9181x008,http://knapp-mcfarland.com/
Jessica,jilldixon@frank.com,001-660-874-4134x948,https://oconnell.info/
Tyrone,carol33@ayala-chase.com,+1-839-602-7946x882,http://www.johnston-mccullough.info/
Greg,aaron08@davies-rush.com,(436)244-8885x6762,http://www.herring.com/
Jill,tterry@clayton.net,846-215-0904x846,http://www.shea-brooks.com/
Noah,don16@crawford.net,(335)034-0871x88037,http://buchanan-lane.com/
Wendy,salinaseric@osborn.com,(488)032-4779x891,http://www.rich.com/
Guy,theodorewatson@lucero-ochoa.com,1259274868,https://soto-henry.com/
Monica,dboyle@donovan.info,374-180-9047,https://www.james.com/
Lauren,penaleon@mccoy.com,+1-142-396-1658x989,http://www.aguilar.com/
Louis,lindsay05@drake-sanford.com,222.647.8600x32096,https://arias.net/
Shelly,dorishaney@morse.com,(855)693-9892x347,https://waller-humphrey.com/
Dave,josephpineda@villa.com,+1-179-919-6141x7137,http://osborne.com/
Beverly,costabob@daniel.com,(450)955-0268x4381,https://james-pruitt.com/
Larry,ygood@vaughn.com,001-406-973-8446x255,https://www.arroyo-schultz.com/
Jennifer,fnielsen@soto-villegas.com,-5568,http://www.flowers.org/
Olivia,bhouston@rosario.com,(115)592-3747,http://www.horn-gates.com/
Loretta,tduffy@haney.com,481-365-5890x02793,https://www.crosby.net/
Janet,cesar60@bean.com,(295)611-6638x365,http://www.byrd-dougherty.net/
Laurie,georgegabriella@burch-harrell.com,419.757.5412x23780,https://yates.com/
Shelly,johnathan92@huff.com,(693)244-7476x383,http://quinn.com/
Curtis,alvinrivas@mosley.com,5167984365,https://www.chambers-vang.info/
Molly,ewatkins@ewing-brock.org,262.894.8993,https://www.holder.com/
Jaclyn,barry52@herring.biz,+1-260-019-3215x45757,http://holloway.net/
Alejandra,uhaley@pena.com,842.665.4327,http://www.york-erickson.com/
Angie,kleingregg@melton.net,536.083.3908,https://www.montgomery.com/
Krystal,theodoreharper@meadows.com,(977)624-0133,http://rios.com/
Jenny,nross@hodge.com,457-502-3219,http://www.simpson.com/
Erika,lanedorothy@cooper.info,+1-510-293-3320x16648,http://rubio-gaines.org/
Anthony,latoyahendricks@wheeler-mitchell.info,995-049-8408,http://nichols.org/
Alice,victor56@glover.com,001-755-948-1608,http://www.avery.com/
Malik,carrillotabitha@leblanc.com,001-566-143-6121x376,http://www.hart.biz/
Ruth,morsebeverly@farrell.biz,339-153-0326x088,https://www.mercer.com/
Jack,ashley91@blevins.com,561-746-9597x5175,http://www.roman.com/
Charlene,sherryburton@robinson.com,680.568.9711x125,https://www.barron-sparks.com/
Jorge,hchambers@barrera.biz,350-818-9538,https://www.morales.com/
Tricia,madeline80@cooper-middleton.com,(953)448-9485x73256,https://www.aguilar-tucker.com/
Tyrone,meadowscarol@solis.biz,958-745-1433x206,https://morse-estes.com/
Arthur,bryce90@chambers.net,001-392-520-6820x33647,https://www.stein.com/
Kristie,kellie08@arias.net,(229)550-6154,https://www.finley.com/
Albert,caitlyn95@hardy.com,838-645-0952,http://dorsey-hamilton.com/
Erin,gabriel69@barr-orozco.org,001-518-684-6850x328,https://www.horn.biz/
Jasmine,collinwerner@terrell.com,203.157.5411,http://hammond.com/
Kendra,pecksamantha@huber.com,(501)586-1110x57986,http://www.lamb.info/
Dakota,murillomarcia@wyatt.info,+1-975-398-3312x6830,https://www.gregory-hawkins.info/
Jimmy,fbarrett@steele-blanchard.com,750-322-6558,https://garner-pierce.com/
Lisa,beverlypreston@cook-fuller.info,001-932-182-2660x0209,https://huber.com/
Collin,andrea14@tran-stevens.org,(115)594-1470,https://nash.org/
Brittney,rthornton@hendrix.com,201-612-7730x83016,http://www.giles-barron.net/
Maureen,wolfecody@marshall.net,757-412-2039x9425,http://blair.com/
Cynthia,chad71@blankenship.org,001-241-633-1236x0619,https://bridges.info/
Maureen,duncaneric@salas-huff.org,(759)812-4987,http://chung.org/
Garrett,duncanpedro@higgins-maldonado.com,238.972.7132x0187,https://briggs-villa.com/
Bill,roger88@holden.com,(634)290-5807,http://norton-buck.com/
Kiara,paynesteven@nguyen-richardson.com,001-414-102-0839x208,http://yang.org/
Colin,robersonjanice@peterson-herring.com,(336)784-5689x056,https://www.roberson-knapp.org/
Evan,julia00@mcclure.info,001-925-357-3563,https://turner-giles.biz/
Kristie,joycecombs@guerra-burns.com,4200976464,https://www.pena.com/
Diana,cassidymercado@bonilla.com,+1-171-715-9766x54993,http://castro.net/
Jerry,gavin13@logan-downs.com,132.253.8501x097,https://www.braun.info/
Tracie,lowehailey@oconnor.org,1193982387,http://www.zavala-rubio.com/
Paul,hodgeseddie@hardin-wells.com,+1-537-466-3245x3699,https://stone-randolph.info/
Dominic,owarner@velasquez.info,-5366,http://www.cox.com/
